Workbook

Sheet JS工具總表
A1: 編號 | B1: 大類 | C1: 工具名稱 | D1: 功能說明 | E1: 可做出的效果／典型應用 | F1: 難度 | G1: Claude 單檔友善度 | H1: 搭配框架 | I1: 授權 | J1: GitHub 星數 | K1: 最後更新 | L1: 官網 | M1: 範例／Demo | N1: GitHub／原始碼 | O1: 網址檢查 | P1: 備註
A2: 1 | B2: 01 2D 繪圖與創意程式 | C2: p5.js | D2: Processing 的 JavaScript 版，用 setup()／draw() 迴圈逐格繪圖 | E2: 生成藝術、互動動畫、故事動畫、教學範例 | F2: 入門 | G2: ★★★ | H2: 原生 JS | I2: LGPL-2.1 | J2: 24070 | K2: 2026-09-30 | L2: https://p5js.org | M2: https://p5js.org/examples/ | N2: https://github.com/processing/p5.js | O2: 正常
A3: 2 | B3: 01 2D 繪圖與創意程式 | C3: q5.js | D3: 相容 p5.js 語法的輕量高速版，支援 WebGPU 渲染 | E3: 需要更高效能的 p5 作品、大量圖形 | F3: 入門 | G3: ★★★ | H3: 原生 JS | I3: LGPL-3.0 | J3: 422 | K3: 2026-09-27 | L3: https://q5js.org | M3: https://q5js.org/learn/ | N3: https://github.com/q5js/q5.js | O3: 正常
A4: 3 | B4: 01 2D 繪圖與創意程式 | C4: Paper.js | D4: 向量圖形腳本框架，擅長貝茲曲線與路徑布林運算 | E4: 向量插畫、路徑變形、互動海報 | F4: 中階 | G4: ★★★ | H4: 原生 JS | I4: MIT | J4: 15079 | K4: 2024-07-23 | L4: http://paperjs.org | M4: http://paperjs.org/examples/ | N4: https://github.com/paperjs/paper.js | O4: 正常
A5: 4 | B5: 01 2D 繪圖與創意程式 | C5: Two.js | D5: 同一套 API 輸出 SVG、Canvas、WebGL 的 2D 繪圖 | E5: 扁平風動畫、資訊圖動態 | F5: 入門 | G5: ★★★ | H5: 原生 JS | I5: MIT | J5: 8662 | K5: 2026-09-29 | L5: https://two.js.org | M5: https://two.js.org/examples/ | N5: https://github.com/jonobr1/two.js | O5: 正常
A6: 5 | B6: 01 2D 繪圖與創意程式 | C6: Konva.js | D6: Canvas 物件化框架，內建拖曳、事件、圖層 | E6: 線上設計器、貼圖編輯、互動白板 | F6: 中階 | G6: ★★★ | H6: 原生 JS／React／Vue | I6: MIT | J6: 14839 | K6: 2026-09-23 | L6: https://konvajs.org | M6: https://konvajs.org/docs/sandbox/ | N6: https://github.com/konvajs/konva | O6: 正常
A7: 6 | B7: 01 2D 繪圖與創意程式 | C7: Fabric.js | D7: Canvas 物件模型，支援選取、縮放、旋轉與 SVG 匯入匯出 | E7: 海報編輯器、T 恤設計、圖片標註 | F7: 中階 | G7: ★★★ | H7: 原生 JS | I7: MIT | J7: 31465 | K7: 2026-09-29 | L7: https://fabricjs.com | M7: https://fabricjs.com/demos/ | N7: https://github.com/fabricjs/fabric.js | O7: 正常
A8: 7 | B8: 01 2D 繪圖與創意程式 | C8: PixiJS | D8: 高效能 WebGL／WebGPU 2D 渲染引擎 | E8: 大量精靈動畫、2D 遊戲、互動廣告 | F8: 中階 | G8: ★★★ | H8: 原生 JS | I8: MIT | J8: 48246 | K8: 2026-09-30 | L8: https://pixijs.com | M8: https://pixijs.com/8.x/examples | N8: https://github.com/pixijs/pixijs | O8: 正常
A9: 8 | B9: 01 2D 繪圖與創意程式 | C9: EaselJS（CreateJS） | D9: 類 Flash 顯示清單的 Canvas 函式庫 | E9: Flash 風互動課件、小遊戲 | F9: 入門 | G9: ★★★ | H9: 原生 JS | I9: MIT | J9: 8159 | K9: 2026-01-24 | L9: https://createjs.com/easeljs | M9: https://createjs.com/demos | N9: https://github.com/CreateJS/EaselJS | O9: 正常
A10: 9 | B10: 01 2D 繪圖與創意程式 | C10: Rough.js | D10: 手繪草圖風格的線條與圖形 | E10: 手繪風圖表、白板風說明圖 | F10: 入門 | G10: ★★★ | H10: 原生 JS | I10: MIT | J10: 21218 | K10: 2024-07-28 | L10: https://roughjs.com | M10: https://roughjs.com | N10: https://github.com/rough-stuff/rough | O10: 正常
A11: 10 | B11: 01 2D 繪圖與創意程式 | C11: Zdog | D11: 偽 3D 扁平向量引擎，程式碼極短 | E11: 可愛扁平 3D 角色、旋轉圖示 | F11: 入門 | G11: ★★★ | H11: 原生 JS | I11: MIT | J11: 10663 | K11: 2023-07-18 | L11: https://zzz.dog | M11: https://zzz.dog/getting-started | N11: https://github.com/metafizzy/zdog | O11: 正常
A12: 11 | B12: 01 2D 繪圖與創意程式 | C12: SVG.js | D12: 輕量 SVG 建立、操作與動畫 | E12: 向量圖示動畫、互動圖解 | F12: 入門 | G12: ★★★ | H12: 原生 JS | I12: MIT | J12: 11826 | K12: 2026-08-04 | L12: https://svgjs.dev | M12: https://svgjs.dev/docs/3.2/ | N12: https://github.com/svgdotjs/svg.js | O12: 正常
A13: 12 | B13: 01 2D 繪圖與創意程式 | C13: Snap.svg | D13: Adobe 出品的 SVG 操作函式庫 | E13: SVG 動畫、互動插圖 | F13: 入門 | G13: ★★★ | H13: 原生 JS | I13: Apache-2.0 | J13: 14005 | K13: 2026-06-12 | L13: http://snapsvg.io | M13: http://snapsvg.io/demos/ | N13: https://github.com/adobe-webplatform/Snap.svg | O13: 正常
... A33: 32 | B33: 02 3D 引擎與 WebGL／WebGPU | C33: Spline | D33: 3D 設計工具，可匯出網頁嵌入碼與 runtime | E33: 無程式 3D 互動主視覺 | F33: 入門 | G33: ★★ | H33: 原生 JS／React | I33: MIT | J33: 1421 | K33: 2026-03-13 | L33: https://spline.design | M33: https://community.spline.design | N33: https://github.com/splinetool/react-spline | O33: 正常
A34: 33 | B34: 02 3D 引擎與 WebGL／WebGPU | C34: Needle Engine | D34: 把 Unity／Blender 場景匯出成網頁 3D 的引擎 | E34: 3D 互動網站、WebXR | F34: 中階 | G34: ★ | H34: 原生 JS／編輯器 | I34: 商用授權（有免費方案） | L34: https://needle.tools | M34: https://engine.needle.tools/samples/ | O34: 正常
A35: 34 | B35: 02 3D 引擎與 WebGL／WebGPU | C35: Shader Park | D35: 用 JS 語法寫 SDF 程序化 3D shader | E35: 程序化 3D 雕塑、音訊反應造型 | F35: 中階 | G35: ★★★ | H35: 原生 JS | I35: MIT | J35: 824 | K35: 2024-05-28 | L35: https://shaderpark.com | M35: https://shaderpark.com/explore | N35: https://github.com/shader-park/shader-park-core | O35: 正常
A36: 35 | B36: 02 3D 引擎與 WebGL／WebGPU | C36: glslCanvas | D36: 在網頁 canvas 執行 GLSL 片段 shader | E36: 展示 GLSL 特效、動態背景 | F36: 中階 | G36: ★★★ | H36: 原生 JS | I36: MIT | J36: 2276 | K36: 2023-07-19 | L36: https://github.com/patriciogonzalezvivo/glslCanvas | M36: https://thebookofshaders.com | N36: https://github.com/patriciogonzalezvivo/glslCanvas | O36: 正常
A37: 36 | B37: 02 3D 引擎與 WebGL／WebGPU | C37: curtains.js | D37: 把 DOM 圖片、影片轉成 WebGL 平面加特效 | E37: 圖片扭曲 hover、轉場 | F37: 中階 | G37: ★★★ | H37: 原生 JS | I37: MIT | J37: 1827 | K37: 2025-04-03 | L37: https://www.curtainsjs.com | M37: https://www.curtainsjs.com/examples/multiple-planes-scroll-effect/index.html | N37: https://github.com/martinlaxenaire/curtainsjs | O37: 正常
A38: 37 | B38: 02 3D 引擎與 WebGL／WebGPU | C38: GPU.js | D38: 用 JavaScript 寫 GPU 平行運算 | E38: 大量粒子計算、影像處理加速 | F38: 進階 | G38: ★★★ | H38: 原生 JS | I38: MIT | J38: 15479 | K38: 2026-09-29 | L38: https://gpu.rocks | M38: https://gpu.rocks | N38: https://github.com/gpujs/gpu.js | O38: 正常
A39: 38 | B39: 02 3D 引擎與 WebGL／WebGPU | C39: three-vrm | D39: Three.js 載入 VRM 虛擬人偶模型 | E39: VTuber 角色、虛擬主播 | F39: 中階 | G39: ★★★ | H39: 原生 JS | I39: MIT | J39: 2192 | K39: 2026-09-30 | L39: https://github.com/pixiv/three-vrm | M39: https://pixiv.github.io/three-vrm/packages/three-vrm/examples/basic.html | N39: https://github.com/pixiv/three-vrm | O39: 正常
A40: 39 | B40: 02 3D 引擎與 WebGL／WebGPU | C40: pixi-live2d-display | D40: 在 PixiJS 顯示 Live2D 模型 | E40: Live2D 看板娘、互動角色 | F40: 中階 | G40: ★★ | H40: 原生 JS | I40: MIT | J40: 1503 | K40: 2024-08-20 | L40: https://github.com/guansss/pixi-live2d-display | M40: https://guansss.github.io/pixi-live2d-display/ | N40: https://github.com/guansss/pixi-live2d-display | O40: 正常
A41: 40 | B41: 02 3D 引擎與 WebGL／WebGPU | C41: Cesium（CesiumJS） | D41: 3D 地球與地理空間引擎 | E41: 3D 城市、飛行模擬、衛星軌道 | F41: 中階 | G41: ★★ | H41: 原生 JS | I41: Apache-2.0 | J41: 15787 | K41: 2026-09-30 | L41: https://cesium.com/platform/cesiumjs/ | M41: https://sandcastle.cesium.com | N41: https://github.com/CesiumGS/cesium | O41: 正常
A42: 41 | B42: 03 3D 外掛與調參工具 | C42: postprocessing | D42: Three.js 後製特效（泛光、景深、色差、雜訊） | E42: 電影感 3D 畫面 | F42: 中階 | G42: ★★★ | H42: 原生 JS | I42: Zlib | J42: 2871 | K42: 2026-09-27 | L42: https://github.com/pmndrs/postprocessing | M42: https://pmndrs.github.io/postprocessing/public/demo/ | N42: https://github.com/pmndrs/postprocessing | O42: 正常
A43: 42 | B43: 03 3D 外掛與調參工具 | C43: Theatre.js | D43: 可視化時間軸動畫編輯器，可調 Three.js 動畫與運鏡 | E43: 3D 過場動畫、網站運鏡 | F43: 中階 | G43: ★★ | H43: 原生 JS／React | I43: Apache-2.0 | J43: 12715 | K43: 2024-08-14 | L43: https://www.theatrejs.com | M43: https://www.theatrejs.com/docs/latest | N43: https://github.com/theatre-js/theatre | O43: 正常
A44: 43 | B44: 03 3D 外掛與調參工具 | C44: lil-gui | D44: 輕量參數調整面板 | E44: 即時調色、調動畫參數 | F44: 入門 | G44: ★★★ | H44: 原生 JS | I44: MIT | J44: 1642 | K44: 2025-10-12 | L44: https://lil-gui.georgealways.com | M44: https://lil-gui.georgealways.com | N44: https://github.com/georgealways/lil-gui | O44: 正常
A45: 44 | B45: 03 3D 外掛與調參工具 | C45: Tweakpane | D45: 精美參數面板，可監看數值曲線 | E45: 生成藝術調參、Demo 控制台 | F45: 入門 | G45: ★★★ | H45: 原生 JS | I45: MIT | J45: 4599 | K45: 2026-03-15 | L45: https://tweakpane.github.io/docs/ | M45: https://tweakpane.github.io/docs/ | N45: https://github.com/cocopon/tweakpane | O45: 正常
A46: 45 | B46: 03 3D 外掛與調參工具 | C46: troika-three-text | D46: Three.js 高品質 SDF 文字渲染 | E46: 3D 標題、VR 介面文字 | F46: 中階 | G46: ★★★ | H46: 原生 JS | I46: MIT | J46: 1975 | K46: 2026-07-24 | L46: https://protectwise.github.io/troika/troika-three-text/ | M46: https://protectwise.github.io/troika/troika-three-text/ | N46: https://github.com/protectwise/troika | O46: 正常
... A58: 57 | B58: 04 動畫補間與動態設計 | C58: AutoAnimate | D58: 一行程式讓清單增刪排序自動有動畫 | E58: 待辦清單、排序動畫 | F58: 入門 | G58: ★★★ | H58: 原生 JS／React／Vue | I58: MIT | J58: 13925 | K58: 2026-07-10 | L58: https://auto-animate.formkit.com | M58: https://auto-animate.formkit.com | N58: https://github.com/formkit/auto-animate | O58: 正常
A59: 58 | B59: 04 動畫補間與動態設計 | C59: Animate.css | D59: 現成 CSS 動畫類別庫 | E59: 進場、彈跳、抖動效果 | F59: 入門 | G59: ★★★ | H59: CSS | I59: Hippocratic-2.1 | J59: 82842 | K59: 2024-07-29 | L59: https://animate.style | M59: https://animate.style | N59: https://github.com/animate-css/animate.css | O59: 正常 | P59: Hippocratic 授權：含使用倫理限制條款
A60: 59 | B60: 04 動畫補間與動態設計 | C60: Barba.js | D60: 無刷新換頁的頁面轉場 | E60: 作品集網站流暢轉場 | F60: 中階 | G60: ★★★ | H60: 原生 JS | I60: MIT | J60: 12987 | K60: 2024-12-02 | L60: https://barba.js.org | M60: https://barba.js.org/docs/getstarted/intro/ | N60: https://github.com/barbajs/barba | O60: 正常
A61: 60 | B61: 04 動畫補間與動態設計 | C61: Swup | D61: 多頁網站頁面轉場 | E61: 部落格、形象站轉場 | F61: 中階 | G61: ★★★ | H61: 原生 JS | I61: MIT | J61: 5233 | K61: 2026-09-29 | L61: https://swup.js.org | M61: https://swup.js.org/getting-started/demos/ | N61: https://github.com/swup/swup | O61: 正常
A62: 61 | B62: 04 動畫補間與動態設計 | C62: KUTE.js | D62: 高效能補間，含 SVG 形狀變形 | E62: SVG morph、色彩補間 | F62: 中階 | G62: ★★★ | H62: 原生 JS | I62: MIT | J62: 2643 | K62: 2026-03-26 | L62: https://thednp.github.io/kute.js/ | M62: https://thednp.github.io/kute.js/ | N62: https://github.com/thednp/kute.js | O62: 正常
A63: 62 | B63: 04 動畫補間與動態設計 | C63: Scene.js | D63: 關鍵影格時間軸動畫 | E63: CSS 關鍵影格、媒體同步 | F63: 中階 | G63: ★★★ | H63: 原生 JS | I63: MIT | J63: 2771 | K63: 2023-06-19 | L63: https://daybrush.com/scenejs/ | M63: https://daybrush.com/scenejs/ | N63: https://github.com/daybrush/scenejs | O63: 正常
A64: 63 | B64: 04 動畫補間與動態設計 | C64: Vivus | D64: 讓 SVG 線條「一筆一筆描出來」 | E64: Logo 描繪、簽名動畫 | F64: 入門 | G64: ★★★ | H64: 原生 JS | I64: MIT | J64: 15485 | K64: 2022-07-06 | L64: https://maxwellito.github.io/vivus/ | M64: https://maxwellito.github.io/vivus/ | N64: https://github.com/maxwellito/vivus | O64: 正常
A65: 64 | B65: 05 捲動、視差與輪播 | C65: ScrollTrigger（GSAP 外掛） | D65: 捲動觸發與捲動綁定動畫 | E65: 捲動敘事、釘選區段、橫向捲動 | F65: 中階 | G65: ★★★ | H65: 原生 JS | I65: GSAP 標準授權（免費含商用） | J65: 28739 | K65: 2026-04-13 | L65: https://gsap.com/docs/v3/Plugins/ScrollTrigger/ | M65: https://gsap.com/scroll/ | N65: https://github.com/greensock/GSAP | O65: 正常
A66: 65 | B66: 05 捲動、視差與輪播 | C66: Lenis | D66: 平滑捲動 | E66: 高級感網站捲動手感 | F66: 入門 | G66: ★★★ | H66: 原生 JS | I66: MIT | J66: 16094 | K66: 2026-09-22 | L66: https://lenis.dev | M66: https://lenis.dev | N66: https://github.com/darkroomengineering/lenis | O66: 正常
A67: 66 | B67: 05 捲動、視差與輪播 | C67: Locomotive Scroll | D67: 平滑捲動加視差偵測 | E67: 視差作品集 | F67: 中階 | G67: ★★★ | H67: 原生 JS | I67: MIT | J67: 8866 | K67: 2026-06-30 | L67: https://scroll.locomotive.ca | M67: https://scroll.locomotive.ca | N67: https://github.com/locomotivemtl/locomotive-scroll | O67: 正常
A68: 67 | B68: 05 捲動、視差與輪播 | C68: ScrollMagic | D68: 經典捲動互動框架 | E68: 捲動動畫場景 | F68: 中階 | G68: ★★★ | H68: 原生 JS | I68: MIT | J68: 14958 | K68: 2026-09-25 | L68: https://scrollmagic.io | M68: https://scrollmagic.io/examples/ | N68: https://github.com/janpaepke/ScrollMagic | O68: 正常
A69: 68 | B69: 05 捲動、視差與輪播 | C69: AOS（Animate On Scroll） | D69: 捲動進場動畫，用 HTML 屬性設定 | E69: 區塊淡入、滑入 | F69: 入門 | G69: ★★★ | H69: 原生 JS | I69: MIT | J69: 28062 | K69: 2024-03-26 | L69: https://michalsnik.github.io/aos/ | M69: https://michalsnik.github.io/aos/ | N69: https://github.com/michalsnik/aos | O69: 正常
A70: 69 | B70: 05 捲動、視差與輪播 | C70: ScrollReveal | D70: 捲動顯示動畫 | E70: 區塊逐一出現 | F70: 入門 | G70: ★ | H70: 原生 JS | I70: GPL-3.0 | J70: 22476 | K70: 2024-04-05 | L70: https://scrollrevealjs.org | M70: https://scrollrevealjs.org | N70: https://github.com/jlmakes/scrollreveal | O70: 正常 | P70: GPL／AGPL 授權：開源專案可免費用，閉源商用需購買商業授權
A71: 70 | B71: 05 捲動、視差與輪播 | C71: Scrollama | D71: 用 IntersectionObserver 做捲動敘事（Scrollytelling） | E71: 新聞數據敘事、圖文同步 | F71: 中階 | G71: ★★★ | H71: 原生 JS | I71: MIT | J71: 6003 | K71: 2025-11-13 | L71: https://github.com/russellsamora/scrollama | M71: https://russellsamora.github.io/scrollama/ | N71: https://github.com/russellsamora/scrollama | O71: 正常
A72: 71 | B72: 05 捲動、視差與輪播 | C72: Rellax | D72: 輕量視差捲動 | E72: 背景層視差 | F72: 入門 | G72: ★★★ | H72: 原生 JS | I72: MIT | J72: 7129 | K72: 2024-08-24 | L72: https://dixonandmoe.com/rellax/ | M72: https://dixonandmoe.com/rellax/ | N72: https://github.com/dixonandmoe/rellax | O72: 正常
A73: 72 | B73: 05 捲動、視差與輪播 | C73: Parallax.js | D73: 依滑鼠或手機陀螺儀的景深視差 | E73: 手機傾斜視差場景 | F73: 入門 | G73: ★★★ | H73: 原生 JS | I73: MIT | J73: 16574 | K73: 2024-04-06 | L73: https://github.com/wagerfield/parallax | M73: http://matthew.wagerfield.com/parallax/ | N73: https://github.com/wagerfield/parallax | O73: 正常
A74: 73 | B74: 05 捲動、視差與輪播 | C74: fullPage.js | D74: 全螢幕分頁捲動 | E74: 一頁式簡報網站 | F74: 入門 | G74: ★ | H74: 原生 JS | I74: GPL-3.0 | J74: 35384 | K74: 2026-09-20 | L74: https://alvarotrigo.com/fullPage/ | M74: https://alvarotrigo.com/fullPage/#page1 | N74: https://github.com/alvarotrigo/fullPage.js | O74: 正常 | P74: GPL／AGPL 授權：開源專案可免費用，閉源商用需購買商業授權
A75: 74 | B75: 05 捲動、視差與輪播 | C75: vanilla-tilt.js | D75: 滑鼠 3D 傾斜卡片 | E75: 卡片懸浮立體感 | F75: 入門 | G75: ★★★ | H75: 原生 JS | I75: MIT | J75: 4016 | K75: 2024-03-01 | L75: https://micku7zu.github.io/vanilla-tilt.js/ | M75: https://micku7zu.github.io/vanilla-tilt.js/ | N75: https://github.com/micku7zu/vanilla-tilt.js | O75: 正常
A76: 75 | B76: 05 捲動、視差與輪播 | C76: Atropos | D76: 多層 3D 視差觸控卡片 | E76: 立體卡片、商品卡 | F76: 入門 | G76: ★★★ | H76: 原生 JS／React | I76: MIT | J76: 3605 | K76: 2026-05-20 | L76: https://atroposjs.com | M76: https://atroposjs.com | N76: https://github.com/nolimits4web/atropos | O76: 正常
A77: 76 | B77: 05 捲動、視差與輪播 | C77: Swiper | D77: 最主流的觸控輪播 | E77: 輪播圖、3D 卡片翻頁 | F77: 入門 | G77: ★★★ | H77: 原生 JS／React／Vue | I77: MIT | J77: 41907 | K77: 2026-09-28 | L77: https://swiperjs.com | M77: https://swiperjs.com/demos | N77: https://github.com/nolimits4web/swiper | O77: 正常
A78: 77 | B78: 05 捲動、視差與輪播 | C78: Splide | D78: 輕量、無障礙輪播 | E78: 圖片輪播 | F78: 入門 | G78: ★★★ | H78: 原生 JS | I78: MIT | J78: 5365 | K78: 2024-07-08 | L78: https://splidejs.com | M78: https://splidejs.com | N78: https://github.com/Splidejs/splide | O78: 正常
A79: 78 | B79: 05 捲動、視差與輪播 | C79: Embla Carousel | D79: 高自由度輪播核心 | E79: 自訂輪播 | F79: 中階 | G79: ★★★ | H79: 原生 JS／React／Vue | I79: MIT | J79: 8431 | K79: 2026-09-28 | L79: https://www.embla-carousel.com | M79: https://www.embla-carousel.com/docs/examples/predefined | N79: https://github.com/davidjerleke/embla-carousel | O79: 正常
A80: 79 | B80: 05 捲動、視差與輪播 | C80: Flickity | D80: 物理手感輪播 | E80: 拖曳輪播 | F80: 入門 | G80: ★ | H80: 原生 JS | I80: GPL-3.0 | J80: 7564 | K80: 2024-05-29 | L80: https://flickity.metafizzy.co | M80: https://flickity.metafizzy.co | N80: https://github.com/metafizzy/flickity | O80: 正常 | P80: GPL／AGPL 授權：開源專案可免費用，閉源商用需購買商業授權
A81: 80 | B81: 06 文字特效與排版 | C81: Typed.js | D81: 打字機效果 | E81: 首頁標語打字 | F81: 入門 | G81: ★★★ | H81: 原生 JS | I81: GPL-3.0 | J81: 16276 | K81: 2026-01-25 | L81: https://mattboldt.com/demos/typed-js/ | M81: https://mattboldt.com/demos/typed-js/ | N81: https://github.com/mattboldt/typed.js | O81: 正常 | P81: GPL-3.0：閉源商用前請確認授權條款
A82: 81 | B82: 06 文字特效與排版 | C82: TypeIt | D82: 進階打字機（刪字、暫停、游標控制） | E82: 對話式文字、角色台詞 | F82: 入門 | G82: ★ | H82: 原生 JS | I82: GPL-3.0 | J82: 3179 | K82: 2025-04-04 | L82: https://www.typeitjs.com | M82: https://www.typeitjs.com | N82: https://github.com/alexmacarthur/typeit | O82: 正常 | P82: GPL／AGPL 授權：開源專案可免費用，閉源商用需購買商業授權
A83: 82 | B83: 06 文字特效與排版 | C83: Splitting.js | D83: 把文字拆成字、行元素供 CSS 動畫 | E83: 逐字進場、波浪文字 | F83: 入門 | G83: ★★★ | H83: 原生 JS | I83: MIT | J83: 1757 | K83: 2024-06-19 | L83: https://splitting.js.org | M83: https://splitting.js.org | N83: https://github.com/shshaw/Splitting | O83: 正常
A84: 83 | B84: 06 文字特效與排版 | C84: SplitType | D84: 拆字拆行（常搭配 GSAP） | E84: 逐字逐行動畫 | F84: 入門 | G84: ★★★ | H84: 原生 JS | I84: ISC | J84: 732 | K84: 2023-12-03 | L84: https://github.com/lukePeavey/SplitType | M84: https://lukepeavey.github.io/SplitType/ | N84: https://github.com/lukePeavey/SplitType | O84: 正常
A85: 84 | B85: 06 文字特效與排版 | C85: Baffle.js | D85: 亂碼解碼文字效果 | E85: 駭客風標題 | F85: 入門 | G85: ★★★ | H85: 原生 JS | I85: MIT | J85: 1753 | K85: 2017-08-28 | L85: https://camwiegert.github.io/baffle/ | M85: https://camwiegert.github.io/baffle/ | N85: https://github.com/camwiegert/baffle | O85: 正常 | P85: GitHub 倉庫已封存，仍可使用但不再更新
A86: 85 | B86: 06 文字特效與排版 | C86: Blotter.js | D86: 用 shader 做文字特效（液態、扭曲、色散） | E86: 液態標題 | F86: 中階 | G86: ★★★ | H86: 原生 JS | I86: MIT | J86: 3079 | K86: 2020-07-28 | L86: https://blotter.js.org | M86: https://blotter.js.org | N86: https://github.com/bradley/Blotter | O86: 正常
A87: 86 | B87: 06 文字特效與排版 | C87: CircleType | D87: 文字排成弧形或圓形 | E87: 徽章、印章文字 | F87: 入門 | G87: ★★★ | H87: 原生 JS | I87: MIT | J87: 696 | K87: 2026-01-20 | L87: https://circletype.labwire.ca | M87: https://circletype.labwire.ca | N87: https://github.com/peterhry/CircleType | O87: 正常
A88: 87 | B88: 06 文字特效與排版 | C88: fitty | D88: 文字自動縮放塞滿容器 | E88: 大字報標題 | F88: 入門 | G88: ★★★ | H88: 原生 JS | I88: MIT | J88: 3853 | K88: 2025-05-15 | L88: https://rikschennink.github.io/fitty/ | M88: https://rikschennink.github.io/fitty/ | N88: https://github.com/rikschennink/fitty | O88: 正常
A89: 88 | B89: 06 文字特效與排版 | C89: opentype.js | D89: 讀取字型檔並取得字形向量路徑 | E89: 文字變形、字形動畫、文字粒子 | F89: 進階 | G89: ★★★ | H89: 原生 JS | I89: MIT | J89: 5025 | K89: 2026-08-08 | L89: https://opentype.js.org | M89: https://opentype.js.org/glyph-inspector.html | N89: https://github.com/opentypejs/opentype.js | O89: 正常
A90: 89 | B90: 06 文字特效與排版 | C90: Rough Notation | D90: 手繪風標註動畫（圈選、底線、螢光筆） | E90: 簡報重點標示、教學頁 | F90: 入門 | G90: ★★★ | H90: 原生 JS | I90: MIT | J90: 9705 | K90: 2024-03-18 | L90: https://roughnotation.com | M90: https://roughnotation.com | N90: https://github.com/rough-stuff/rough-notation | O90: 正常
A91: 90 | B91: 06 文字特效與排版 | C91: Marked | D91: Markdown 轉 HTML | E91: 文章渲染、AI 回覆顯示 | F91: 入門 | G91: ★★★ | H91: 原生 JS | I91: MIT | J91: 37218 | K91: 2026-09-29 | L91: https://marked.js.org | M91: https://marked.js.org/demo/ | N91: https://github.com/markedjs/marked | O91: 正常
A92: 91 | B92: 07 粒子與背景特效 | C92: tsParticles | D92: 高度可自訂的粒子系統，內建彩帶、煙火、星空預設 | E92: 背景粒子、互動連線網 | F92: 入門 | G92: ★★★ | H92: 原生 JS／React／Vue | I92: MIT | J92: 8983 | K92: 2026-09-30 | L92: https://particles.js.org | M92: https://particles.js.org/demos/ | N92: https://github.com/tsparticles/tsparticles | O92: 正常
A93: 92 | B93: 07 粒子與背景特效 | C93: particles.js | D93: 經典粒子連線背景 | E93: 科技感背景 | F93: 入門 | G93: ★★★ | H93: 原生 JS | I93: MIT | J93: 30212 | K93: 2024-03-28 | L93: https://vincentgarreau.com/particles.js/ | M93: https://vincentgarreau.com/particles.js/ | N93: https://github.com/VincentGarreau/particles.js | O93: 正常
A94: 93 | B94: 07 粒子與背景特效 | C94: Proton | D94: 粒子引擎，支援 Canvas、WebGL、DOM | E94: 火焰、雪、煙霧 | F94: 中階 | G94: ★★★ | H94: 原生 JS | I94: MIT | J94: 2477 | K94: 2026-03-06 | L94: https://drawcall.github.io/Proton/ | M94: https://drawcall.github.io/Proton/ | N94: https://github.com/drawcall/Proton | O94: 正常
A95: 94 | B95: 07 粒子與背景特效 | C95: Vanta.js | D95: 現成 3D 動態背景（鳥群、霧、波浪、網格） | E95: 首頁主視覺背景 | F95: 入門 | G95: ★★★ | H95: 原生 JS | I95: MIT | J95: 7102 | K95: 2024-03-03 | L95: https://www.vantajs.com | M95: https://www.vantajs.com | N95: https://github.com/tengbao/vanta | O95: 正常
A96: 95 | B96: 07 粒子與背景特效 | C96: Granim.js | D96: 流動漸層背景 | E96: 柔和漸層動畫 | F96: 入門 | G96: ★★★ | H96: 原生 JS | I96: MIT | J96: 5303 | K96: 2022-12-06 | L96: https://sarcadass.github.io/granim.js/ | M96: https://sarcadass.github.io/granim.js/examples.html | N96: https://github.com/sarcadass/granim.js | O96: 正常
A97: 96 | B97: 07 粒子與背景特效 | C97: Trianglify | D97: 產生低多邊形（Low Poly）背景圖 | E97: 網站背景、桌布 | F97: 入門 | G97: ★★★ | H97: 原生 JS | I97: GPL-3.0 | J97: 10084 | K97: 2025-05-12 | L97: https://trianglify.io | M97: https://trianglify.io | N97: https://github.com/qrohlf/trianglify | O97: 正常 | P97: GPL-3.0：閉源商用前請確認授權條款
A98: 97 | B98: 07 粒子與背景特效 | C98: canvas-confetti | D98: 彩帶紙花特效 | E98: 抽獎成功、完成慶祝 | F98: 入門 | G98: ★★★ | H98: 原生 JS | I98: ISC | J98: 12773 | K98: 2025-10-25 | L98: https://www.kirilv.com/canvas-confetti/ | M98: https://www.kirilv.com/canvas-confetti/ | N98: https://github.com/catdad/canvas-confetti | O98: 正常
A99: 98 | B99: 07 粒子與背景特效 | C99: js-confetti | D99: Emoji 彩帶特效 | E99: 慶祝特效 | F99: 入門 | G99: ★★★ | H99: 原生 JS | I99: MIT | J99: 1294 | K99: 2025-09-02 | L99: https://github.com/loonywizard/js-confetti | M99: https://loonywizard.github.io/js-confetti/ | N99: https://github.com/loonywizard/js-confetti | O99: 正常
A100: 99 | B100: 07 粒子與背景特效 | C100: fireworks-js | D100: 煙火特效 | E100: 節慶頁面 | F100: 入門 | G100: ★★★ | H100: 原生 JS | I100: MIT | J100: 1384 | K100: 2024-07-16 | L100: https://fireworks.js.org | M100: https://fireworks.js.org | N100: https://github.com/crashmax-dev/fireworks-js | O100: 正常
A101: 100 | B101: 07 粒子與背景特效 | C101: WebGL Fluid Simulation | D101: WebGL 流體模擬 | E101: 滑鼠拖曳彩色流體 | F101: 入門 | G101: ★★★ | H101: 原生 JS | I101: MIT | J101: 16673 | K101: 2024-11-12 | L101: https://github.com/PavelDoGreat/WebGL-Fluid-Simulation | M101: https://paveldogreat.github.io/WebGL-Fluid-Simulation/ | N101: https://github.com/PavelDoGreat/WebGL-Fluid-Simulation | O101: 正常
A102: 101 | B102: 07 粒子與背景特效 | C102: ShaderGradient | D102: 3D 流動漸層背景 | E102: 高質感漸層主視覺 | F102: 入門 | G102: ★★ | H102: React／Framer | I102: 見 GitHub | J102: 2632 | K102: 2026-09-23 | L102: https://shadergradient.co | M102: https://shadergradient.co/customize | N102: https://github.com/ruucm/shadergradient | O102: 正常
A103: 102 | B103: 07 粒子與背景特效 | C103: COBE | D103: 5KB 的 WebGL 點陣地球 | E103: 首頁旋轉地球 | F103: 入門 | G103: ★★★ | H103: 原生 JS | I103: MIT | J103: 5913 | K103: 2026-09-22 | L103: https://cobe.vercel.app | M103: https://cobe.vercel.app | N103: https://github.com/shuding/cobe | O103: 正常
A104: 103 | B104: 07 粒子與背景特效 | C104: hover-effect | D104: WebGL 圖片滑過扭曲轉場 | E104: 作品集圖片 hover | F104: 入門 | G104: ★★★ | H104: 原生 JS | I104: MIT | J104: 1883 | K104: 2023-06-27 | L104: https://github.com/robin-dela/hover-effect | M104: https://tympanus.net/Development/DistortionHoverEffect/ | N104: https://github.com/robin-dela/hover-effect | O104: 正常
A105: 104 | B105: 07 粒子與背景特效 | C105: cursor-effects | D105: 滑鼠拖尾特效集（彩虹、泡泡、雪花） | E105: 懷舊網頁特效 | F105: 入門 | G105: ★★★ | H105: 原生 JS | I105: MIT | J105: 4065 | K105: 2026-02-26 | L105: https://tholman.com/cursor-effects/ | M105: https://tholman.com/cursor-effects/ | N105: https://github.com/tholman/cursor-effects | O105: 正常
A106: 105 | B106: 08 物理引擎 | C106: Matter.js | D106: 2D 剛體物理 | E106: 掉落堆疊、彈跳互動、物理拼圖 | F106: 入門 | G106: ★★★ | H106: 原生 JS | I106: MIT | J106: 18440 | K106: 2026-09-30 | L106: https://brm.io/matter-js/ | M106: https://brm.io/matter-js/demo/ | N106: https://github.com/liabru/matter-js | O106: 正常
A107: 106 | B107: 08 物理引擎 | C107: Planck.js | D107: Box2D 的 JavaScript 重寫版 | E107: 物理遊戲（憤怒鳥類） | F107: 中階 | G107: ★★★ | H107: 原生 JS | I107: MIT | J107: 5287 | K107: 2026-09-22 | L107: https://piqnt.com/planck.js/ | M107: https://piqnt.com/planck.js/ | N107: https://github.com/piqnt/planck.js | O107: 正常
A108: 107 | B108: 08 物理引擎 | C108: p2.js | D108: 2D 物理（約束、彈簧、車輛） | E108: 物理小遊戲 | F108: 中階 | G108: ★★★ | H108: 原生 JS | I108: MIT | J108: 2691 | K108: 2022-07-09 | L108: https://github.com/schteppe/p2.js | M108: https://schteppe.github.io/p2.js/ | N108: https://github.com/schteppe/p2.js | O108: 正常
A109: 108 | B109: 08 物理引擎 | C109: cannon-es | D109: 輕量 3D 物理，常搭配 Three.js | E109: 3D 骰子、落下物體 | F109: 中階 | G109: ★★★ | H109: 原生 JS | I109: MIT | J109: 2060 | K109: 2024-01-06 | L109: https://github.com/pmndrs/cannon-es | M109: https://pmndrs.github.io/cannon-es/ | N109: https://github.com/pmndrs/cannon-es | O109: 正常
A110: 109 | B110: 08 物理引擎 | C110: Rapier | D110: Rust 寫成的高效能 2D／3D 物理（WASM） | E110: 大量物體模擬、角色控制 | F110: 中階 | G110: ★★★ | H110: 原生 JS | I110: Apache-2.0 | J110: 5797 | K110: 2026-09-27 | L110: https://rapier.rs | M110: https://rapier.rs/demos3d/index.html | N110: https://github.com/dimforge/rapier | O110: 正常 | P110: JS 綁定已併入 dimforge/rapier 主倉庫
A111: 110 | B111: 08 物理引擎 | C111: ammo.js | D111: Bullet 物理引擎的 WASM 移植 | E111: 車輛、布料、軟體物理 | F111: 進階 | G111: ★★★ | H111: 原生 JS | I111: 見 GitHub | J111: 4574 | K111: 2026-09-22 | L111: https://github.com/kripken/ammo.js | M111: https://threejs.org/examples/?q=physics | N111: https://github.com/kripken/ammo.js | O111: 正常
A112: 111 | B112: 08 物理引擎 | C112: JoltPhysics.js | D112: 3A 遊戲使用的 Jolt 物理引擎 WASM 版 | E112: 大規模 3D 物理 | F112: 進階 | G112: ★★★ | H112: 原生 JS | I112: MIT | J112: 575 | K112: 2026-08-23 | L112: https://github.com/jrouwe/JoltPhysics.js | M112: https://jrouwe.github.io/JoltPhysics.js/ | N112: https://github.com/jrouwe/JoltPhysics.js | O112: 正常
A113: 112 | B113: 08 物理引擎 | C113: Oimo.js | D113: 輕量 3D 物理 | E113: 簡易 3D 碰撞 | F113: 中階 | G113: ★★★ | H113: 原生 JS | I113: MIT | J113: 3175 | K113: 2021-07-08 | L113: https://github.com/lo-th/Oimo.js | M113: https://lo-th.github.io/Oimo.js/ | N113: https://github.com/lo-th/Oimo.js | O113: 正常
A114: 113 | B114: 09 遊戲引擎與遊戲工具 | C114: Phaser | D114: 最熱門的 2D HTML5 遊戲框架 | E114: 平台跳躍、射擊、RPG 小遊戲 | F114: 中階 | G114: ★★★ | H114: 原生 JS | I114: MIT | J114: 40396 | K114: 2026-08-21 | L114: https://phaser.io | M114: https://labs.phaser.io | N114: https://github.com/phaserjs/phaser | O114: 需人工確認 | P114: 官網有 Cloudflare 機器人驗證，自動檢查無法確認，請用瀏覽器開啟
A115: 114 | B115: 09 遊戲引擎與遊戲工具 | C115: KAPLAY | D115: 極簡 2D 遊戲函式庫（Kaboom.js 後繼） | E115: 快速做小遊戲、程式教學 | F115: 入門 | G115: ★★★ | H115: 原生 JS | I115: MIT | J115: 1804 | K115: 2026-09-30 | L115: https://kaplayjs.com | M115: https://play.kaplayjs.com | N115: https://github.com/kaplayjs/kaplay | O115: 正常
A116: 115 | B116: 09 遊戲引擎與遊戲工具 | C116: Excalibur.js | D116: TypeScript 2D 遊戲引擎 | E116: 2D 遊戲 | F116: 中階 | G116: ★★★ | H116: 原生 JS | I116: BSD-2-Clause | J116: 2347 | K116: 2026-09-29 | L116: https://excaliburjs.com | M116: https://excaliburjs.com/samples/ | N116: https://github.com/excaliburjs/Excalibur | O116: 正常
A117: 116 | B117: 09 遊戲引擎與遊戲工具 | C117: melonJS | D117: 輕量 2D 引擎，支援 Tiled 地圖 | E117: 像素 RPG | F117: 中階 | G117: ★★★ | H117: 原生 JS | I117: MIT | J117: 6400 | K117: 2026-09-30 | L117: https://melonjs.org | M117: https://melonjs.org | N117: https://github.com/melonjs/melonJS | O117: 正常
A118: 117 | B118: 09 遊戲引擎與遊戲工具 | C118: LittleJS | D118: 超輕量 2D 遊戲引擎 | E118: Game Jam 小遊戲 | F118: 入門 | G118: ★★★ | H118: 原生 JS | I118: MIT | J118: 4185 | K118: 2026-09-30 | L118: https://github.com/KilledByAPixel/LittleJS | M118: https://killedbyapixel.github.io/LittleJS/examples/ | N118: https://github.com/KilledByAPixel/LittleJS | O118: 正常
A119: 118 | B119: 09 遊戲引擎與遊戲工具 | C119: Kontra.js | D119: 極小遊戲微框架（js13k 常用） | E119: 13KB 小遊戲 | F119: 入門 | G119: ★★★ | H119: 原生 JS | I119: MIT | J119: 1072 | K119: 2026-01-30 | L119: https://straker.github.io/kontra/ | M119: https://straker.github.io/kontra/ | N119: https://github.com/straker/kontra | O119: 正常
A120: 119 | B120: 09 遊戲引擎與遊戲工具 | C120: Cocos Creator | D120: 跨平台 2D／3D 遊戲引擎加編輯器 | E120: 手機與網頁遊戲 | F120: 中階 | G120: ★ | H120: 編輯器工具 | I120: MIT | J120: 9838 | K120: 2026-09-21 | L120: https://www.cocos.com/en/creator | M120: https://www.cocos.com/en/creator | N120: https://github.com/cocos/cocos-engine | O120: 正常
A121: 120 | B121: 09 遊戲引擎與遊戲工具 | C121: GDevelop | D121: 開源無程式遊戲引擎，輸出 HTML5 | E121: 無程式做網頁遊戲 | F121: 入門 | G121: ★ | H121: 編輯器工具 | I121: 見 GitHub | J121: 27005 | K121: 2026-09-30 | L121: https://gdevelop.io | M121: https://gd.games | N121: https://github.com/4ian/GDevelop | O121: 正常
A122: 121 | B122: 09 遊戲引擎與遊戲工具 | C122: rot.js | D122: Roguelike 工具包（地圖生成、視野、尋路） | E122: 地牢探索遊戲 | F122: 中階 | G122: ★★★ | H122: 原生 JS | I122: BSD-3-Clause | J122: 2719 | K122: 2024-11-13 | L122: https://ondras.github.io/rot.js/hp/ | M122: https://ondras.github.io/rot.js/manual/ | N122: https://github.com/ondras/rot.js | O122: 正常
A123: 122 | B123: 09 遊戲引擎與遊戲工具 | C123: PathFinding.js | D123: A* 等網格尋路演算法 | E123: 遊戲 AI 尋路、迷宮 | F123: 入門 | G123: ★★★ | H123: 原生 JS | I123: 見 GitHub | J123: 8716 | K123: 2024-06-20 | L123: https://github.com/qiao/PathFinding.js | M123: https://qiao.github.io/PathFinding.js/visual/ | N123: https://github.com/qiao/PathFinding.js | O123: 正常
A124: 123 | B124: 09 遊戲引擎與遊戲工具 | C124: boardgame.io | D124: 回合制桌遊框架，含多人連線 | E124: 線上桌遊 | F124: 中階 | G124: ★★ | H124: 原生 JS／React | I124: MIT | J124: 12449 | K124: 2026-09-18 | L124: https://boardgame.io | M124: https://boardgame.io/documentation/ | N124: https://github.com/boardgameio/boardgame.io | O124: 正常
A125: 124 | B125: 09 遊戲引擎與遊戲工具 | C125: Colyseus | D125: 多人即時遊戲伺服器框架 | E125: 多人連線遊戲 | F125: 進階 | G125: ★ | H125: Node.js | I125: MIT | J125: 7326 | K125: 2026-09-30 | L125: https://colyseus.io | M125: https://colyseus.io | N125: https://github.com/colyseus/colyseus | O125: 正常
A126: 125 | B126: 09 遊戲引擎與遊戲工具 | C126: ZzFX | D126: 超小型程序化音效產生器 | E126: 遊戲音效 | F126: 入門 | G126: ★★★ | H126: 原生 JS | I126: MIT | J126: 793 | K126: 2026-09-30 | L126: https://github.com/KilledByAPixel/ZzFX | M126: https://killedbyapixel.github.io/ZzFX/ | N126: https://github.com/KilledByAPixel/ZzFX | O126: 正常
... A145: 144 | B145: 10 資料視覺化圖表與表格 | C145: CountUp.js | D145: 數字滾動遞增動畫 | E145: KPI 數字、成就統計 | F145: 入門 | G145: ★★★ | H145: 原生 JS | I145: MIT | J145: 8162 | K145: 2026-07-02 | L145: https://inorganik.github.io/countUp.js/ | M145: https://inorganik.github.io/countUp.js/ | N145: https://github.com/inorganik/countUp.js | O145: 正常
A146: 145 | B146: 10 資料視覺化圖表與表格 | C146: Odometer | D146: 里程表式數字翻動 | E146: 計數器、倒數 | F146: 入門 | G146: ★★★ | H146: 原生 JS | I146: MIT | J146: 7289 | K146: 2018-06-30 | L146: https://github.hubspot.com/odometer/ | M146: https://github.hubspot.com/odometer/docs/welcome/ | N146: https://github.com/HubSpot/odometer | O146: 正常 | P146: GitHub 倉庫已封存，仍可使用但不再更新
A147: 146 | B147: 10 資料視覺化圖表與表格 | C147: wordcloud2.js | D147: 文字雲 | E147: 關鍵字雲、問卷回饋視覺化 | F147: 入門 | G147: ★★★ | H147: 原生 JS | I147: MIT | J147: 2498 | K147: 2024-11-14 | L147: https://wordcloud2-js.timdream.org | M147: https://wordcloud2-js.timdream.org | N147: https://github.com/timdream/wordcloud2.js | O147: 正常
A148: 147 | B148: 10 資料視覺化圖表與表格 | C148: heatmap.js | D148: 熱力圖 | E148: 點擊熱區、密度分布 | F148: 入門 | G148: ★★★ | H148: 原生 JS | I148: MIT | J148: 6385 | K148: 2023-10-31 | L148: https://www.patrick-wied.at/static/heatmapjs/ | M148: https://www.patrick-wied.at/static/heatmapjs/examples.html | N148: https://github.com/pa7/heatmap.js | O148: 正常
...

Sheet 分類統計
A1: 大類 | B1: 工具數 | C1: ★★★ 數（單檔 HTML 可跑） | D1: 入門難度數 | E1: ★★★ 比例
A2: 01 2D 繪圖與創意程式 | B2: =COUNTIF(JS工具總表!$B$2:$B$329,A2) -> 18 | C2: =COUNTIFS(JS工具總表!$B$2:$B$329,A2,JS工具總表!$G$2:$G$329,"★★★") -> 17 | D2: =COUNTIFS(JS工具總表!$B$2:$B$329,A2,JS工具總表!$F$2:$F$329,"入門") -> 10 | E2: =IF(B2=0,0,C2/B2) -> 0.94444444
A3: 02 3D 引擎與 WebGL／WebGPU | B3: =COUNTIF(JS工具總表!$B$2:$B$329,A3) -> 22 | C3: =COUNTIFS(JS工具總表!$B$2:$B$329,A3,JS工具總表!$G$2:$G$329,"★★★") -> 12 | D3: =COUNTIFS(JS工具總表!$B$2:$B$329,A3,JS工具總表!$F$2:$F$329,"入門") -> 3 | E3: =IF(B3=0,0,C3/B3) -> 0.54545455
A4: 03 3D 外掛與調參工具 | B4: =COUNTIF(JS工具總表!$B$2:$B$329,A4) -> 7 | C4: =COUNTIFS(JS工具總表!$B$2:$B$329,A4,JS工具總表!$G$2:$G$329,"★★★") -> 5 | D4: =COUNTIFS(JS工具總表!$B$2:$B$329,A4,JS工具總表!$F$2:$F$329,"入門") -> 3 | E4: =IF(B4=0,0,C4/B4) -> 0.71428571
A5: 04 動畫補間與動態設計 | B5: =COUNTIF(JS工具總表!$B$2:$B$329,A5) -> 16 | C5: =COUNTIFS(JS工具總表!$B$2:$B$329,A5,JS工具總表!$G$2:$G$329,"★★★") -> 14 | D5: =COUNTIFS(JS工具總表!$B$2:$B$329,A5,JS工具總表!$F$2:$F$329,"入門") -> 9 | E5: =IF(B5=0,0,C5/B5) -> 0.875
A6: 05 捲動、視差與輪播 | B6: =COUNTIF(JS工具總表!$B$2:$B$329,A6) -> 16 | C6: =COUNTIFS(JS工具總表!$B$2:$B$329,A6,JS工具總表!$G$2:$G$329,"★★★") -> 13 | D6: =COUNTIFS(JS工具總表!$B$2:$B$329,A6,JS工具總表!$F$2:$F$329,"入門") -> 11 | E6: =IF(B6=0,0,C6/B6) -> 0.8125
A7: 06 文字特效與排版 | B7: =COUNTIF(JS工具總表!$B$2:$B$329,A7) -> 11 | C7: =COUNTIFS(JS工具總表!$B$2:$B$329,A7,JS工具總表!$G$2:$G$329,"★★★") -> 10 | D7: =COUNTIFS(JS工具總表!$B$2:$B$329,A7,JS工具總表!$F$2:$F$329,"入門") -> 9 | E7: =IF(B7=0,0,C7/B7) -> 0.90909091
A8: 07 粒子與背景特效 | B8: =COUNTIF(JS工具總表!$B$2:$B$329,A8) -> 14 | C8: =COUNTIFS(JS工具總表!$B$2:$B$329,A8,JS工具總表!$G$2:$G$329,"★★★") -> 13 | D8: =COUNTIFS(JS工具總表!$B$2:$B$329,A8,JS工具總表!$F$2:$F$329,"入門") -> 13 | E8: =IF(B8=0,0,C8/B8) -> 0.92857143
A9: 08 物理引擎 | B9: =COUNTIF(JS工具總表!$B$2:$B$329,A9) -> 8 | C9: =COUNTIFS(JS工具總表!$B$2:$B$329,A9,JS工具總表!$G$2:$G$329,"★★★") -> 8 | D9: =COUNTIFS(JS工具總表!$B$2:$B$329,A9,JS工具總表!$F$2:$F$329,"入門") -> 1 | E9: =IF(B9=0,0,C9/B9) -> 1
A10: 09 遊戲引擎與遊戲工具 | B10: =COUNTIF(JS工具總表!$B$2:$B$329,A10) -> 14 | C10: =COUNTIFS(JS工具總表!$B$2:$B$329,A10,JS工具總表!$G$2:$G$329,"★★★") -> 10 | D10: =COUNTIFS(JS工具總表!$B$2:$B$329,A10,JS工具總表!$F$2:$F$329,"入門") -> 7 | E10: =IF(B10=0,0,C10/B10) -> 0.71428571
A11: 10 資料視覺化圖表與表格 | B11: =COUNTIF(JS工具總表!$B$2:$B$329,A11) -> 26 | C11: =COUNTIFS(JS工具總表!$B$2:$B$329,A11,JS工具總表!$G$2:$G$329,"★★★") -> 20 | D11: =COUNTIFS(JS工具總表!$B$2:$B$329,A11,JS工具總表!$F$2:$F$329,"入門") -> 21 | E11: =IF(B11=0,0,C11/B11) -> 0.76923077
A12: 11 網路圖與關係圖 | B12: =COUNTIF(JS工具總表!$B$2:$B$329,A12) -> 7 | C12: =COUNTIFS(JS工具總表!$B$2:$B$329,A12,JS工具總表!$G$2:$G$329,"★★★") -> 6 | D12: =COUNTIFS(JS工具總表!$B$2:$B$329,A12,JS工具總表!$F$2:$F$329,"入門") -> 4 | E12: =IF(B12=0,0,C12/B12) -> 0.85714286
A13: 12 流程圖、心智圖、白板與行事曆 | B13: =COUNTIF(JS工具總表!$B$2:$B$329,A13) -> 17 | C13: =COUNTIFS(JS工具總表!$B$2:$B$329,A13,JS工具總表!$G$2:$G$329,"★★★") -> 12 | D13: =COUNTIFS(JS工具總表!$B$2:$B$329,A13,JS工具總表!$F$2:$F$329,"入門") -> 10 | E13: =IF(B13=0,0,C13/B13) -> 0.70588235
... A28: 27 硬體與實體互動 | B28: =COUNTIF(JS工具總表!$B$2:$B$329,A28) -> 2 | C28: =COUNTIFS(JS工具總表!$B$2:$B$329,A28,JS工具總表!$G$2:$G$329,"★★★") -> 1 | D28: =COUNTIFS(JS工具總表!$B$2:$B$329,A28,JS工具總表!$F$2:$F$329,"入門") -> 1 | E28: =IF(B28=0,0,C28/B28) -> 0.5
A29: 合計 | B29: =SUM(B2:B28) -> 328 | C29: =SUM(C2:C28) -> 260 | D29: =SUM(D2:D28) -> 184 | E29: =IF(B29=0,0,C29/B29) -> 0.79268293
A30: 核對：總表列數 | B30: =COUNTA(JS工具總表!$C$2:$C$329) -> 328

Sheet 範例靈感平台
A1: 編號 | B1: 平台 | C1: 說明 | D1: 適合找的範例 | E1: 網址 | F1: 網址檢查
A2: 1 | B2: OpenProcessing | C2: p5.js 作品社群，可直接看原始碼並 fork | D2: 生成藝術、p5 動畫 | E2: https://openprocessing.org | F2: 正常
A3: 2 | B3: p5.js Web Editor | C3: 官方線上編輯器，貼上程式即可執行，ml5 官方範例也放這裡 | D3: p5.js、ml5.js | E3: https://editor.p5js.org | F3: 正常
A4: 3 | B4: The Coding Train | C4: Daniel Shiffman 的 p5.js 影片教學與挑戰題 | D4: p5.js、ml5.js 入門 | E4: https://thecodingtrain.com | F4: 正常
A5: 4 | B5: CodePen | C5: 前端特效最大社群，搜尋工具名稱即可找到範例 | D5: CSS、GSAP、Three.js 等 | E5: https://codepen.io | F5: 正常（瀏覽器確認）
A6: 5 | B6: Shadertoy | C6: GLSL shader 作品庫，可即時修改 | D6: shader、光影、分形 | E6: https://www.shadertoy.com | F6: 需人工確認（Cloudflare 驗證）
A7: 6 | B7: The Book of Shaders | C7: 互動式 GLSL 入門書，範例可直接編輯 | D7: shader 入門 | E7: https://thebookofshaders.com | F7: 正常
A8: 7 | B8: GLSL Sandbox | C8: 片段 shader 作品集 | D8: shader 背景 | E8: https://glslsandbox.com | F8: 正常
A9: 8 | B9: Three.js Journey | C9: Three.js 系統課程，課程作品展示 | D9: Three.js | E9: https://threejs-journey.com | F9: 正常
A10: 9 | B10: three.js 論壇 Showcase | C10: 社群分享的 Three.js 作品 | D10: Three.js | E10: https://discourse.threejs.org/c/showcase/7 | F10: 正常
A11: 10 | B11: Codrops | C11: 創意前端教學與 Demo（WebGL、捲動、文字特效） | D11: GSAP、Three.js、WebGL | E11: https://tympanus.net/codrops/ | F11: 正常
A12: 11 | B12: Awwwards | C12: 得獎網站設計集，可看頂尖動效網站 | D12: 網站動效靈感 | E12: https://www.awwwards.com | F12: 正常
A13: 12 | B13: Experiments with Google | C13: Google 創意實驗集（AI、WebGL、AR） | D13: TF.js、MediaPipe、WebXR | E13: https://experiments.withgoogle.com | F13: 正常
... A21: 20 | B21: LottieFiles | C21: Lottie 動畫素材庫與播放器 | D21: Lottie 動畫 | E21: https://lottiefiles.com | F21: 正常（瀏覽器確認）

Sheet 組合配方
A1: 編號 | B1: 工具組合 | C1: 可做出的成品 | D1: 給 Claude 的提示詞範例 | E1: 參考範例網址
A2: 1 | B2: p5.js ＋ ml5.js | C2: 手勢互動藝術 | D2: 用 p5.js 加 ml5.js 的 handPose 做單檔 HTML：開啟鏡頭，食指指尖畫出彩色光軌，張開手掌就清空畫面。 | E2: https://editor.p5js.org/ml5/sketches
A3: 2 | B3: p5.js ＋ p5.sound | C3: 麥克風聲音視覺化 | D3: 用 p5.js 與 p5.sound 做單檔 HTML：讀取麥克風，畫出隨音量與頻譜脈動的圓形頻譜圖。 | E3: https://p5js.org/examples/
A4: 3 | B4: p5.js ＋ Mediabunny | C4: p5 動畫匯出 MP4 | D4: 寫一支 20 秒 p5.js 動畫，加一個按鈕，用 Mediabunny 把 canvas 逐格編碼成 MP4 下載。 | E4: https://mediabunny.dev
A5: 4 | B5: Matter.js ＋ p5.js | C5: 物理掉落互動 | D5: 用 Matter.js 加 p5.js：把「歡迎光臨」每個字變成物理方塊，從上方掉落堆疊，可用滑鼠拖曳丟擲。 | E5: https://brm.io/matter-js/demo/
A6: 5 | B6: Three.js ＋ GSAP ScrollTrigger | C6: 捲動 3D 產品頁 | D6: 用 Three.js 加 GSAP ScrollTrigger 做一頁式網站：捲動時 3D 模型旋轉、鏡頭推近，每一段顯示一段文案。 | E6: https://gsap.com/scroll/
A7: 6 | B7: Three.js ＋ cannon-es | C7: 3D 物理擲骰 | D7: 用 Three.js 加 cannon-es 做可以擲出的 3D 骰子，骰子停下後在畫面顯示點數。 | E7: https://pmndrs.github.io/cannon-es/
A8: 7 | B8: Three.js ＋ Tone.js | C8: 音樂驅動 3D 視覺 | D8: 用 Tone.js 播放一段合成器旋律，Three.js 場景裡的球體依每個音符的音高與力度變形、變色。 | E8: https://tonejs.github.io/examples/
A9: 8 | B9: MediaPipe ＋ Three.js | C9: 臉部追蹤 AR 濾鏡 | D9: 用 MediaPipe Face Landmarker 追蹤臉部，Three.js 在眼睛位置疊一副 3D 眼鏡，跟著頭轉動。 | E9: https://developers.google.com/edge/mediapipe/solutions/vision/face_landmarker
A10: 9 | B10: A-Frame ＋ MindAR | C10: 海報或名片 AR | D10: 用 A-Frame 加 MindAR 做圖片追蹤 AR：手機鏡頭對準名片，名片上方浮出 3D 標誌與介紹文字。 | E10: https://hiukim.github.io/mind-ar-js-doc/examples/summary
A11: 10 | B11: Vanta.js ＋ Typed.js ＋ AOS | C11: 動態形象首頁 | D11: 做一個形象首頁：Vanta.js 動態背景、Typed.js 打出標語、下方區塊用 AOS 捲動淡入。 | E11: https://www.vantajs.com
A12: 11 | B12: Lenis ＋ GSAP ＋ SplitType | C12: 高級感文字動效網站 | D12: 用 Lenis 平滑捲動，搭配 GSAP 與 SplitType 讓每段標題逐字往上浮現。 | E12: https://lenis.dev
A13: 12 | B13: Phaser ＋ ZzFX | C13: 2D 小遊戲含音效 | D13: 用 Phaser 做單檔 HTML 橫向跳躍遊戲：方向鍵移動、空白鍵跳、吃金幣加分，音效用 ZzFX 產生。 | E13: https://killedbyapixel.github.io/ZzFX/
... A23: 22 | B23: Remotion ＋ Lottie | C23: 程式化產生影片 | D23: 用 Remotion 做 15 秒 1080x1920 直式影片：Lottie 動畫開場，接著三張數據卡片依序進場，輸出 MP4。 | E23: https://www.remotion.dev/showcase

Sheet 說明
A1: 項目 | B1: 說明
A2: 用途 | B2: 整理可搭配 Claude 產生網頁作品的 JavaScript 工具，依功能分 27 大類，共 328 個工具。
A3: 工作表 | B3: JS工具總表：主清單，可用篩選器依大類、難度、友善度篩選。分類統計：各大類工具數（公式自動計算）。範例靈感平台：找範例與素材的網站。組合配方：多工具搭配的成品與提示詞範例。
A4: 難度 | B4: 入門：看範例改參數就能用。中階：需理解該工具的核心概念。進階：需要圖學、數學或底層 API 知識。屬主觀分級。
A5: Claude 單檔友善度 | B5: ★★★：一個 HTML 檔加 CDN 即可執行，最適合直接請 Claude 產出。★★：需要 npm 建置或特定框架（React、Vue 等）。★：需要 API 金鑰、帳號、付費或商業授權、或後端伺服器。
A6: 授權 | B6: 優先採用 GitHub 偵測結果，偵測失敗時讀取 package.json 或 LICENSE 檔判斷，商業授權類手動標註。僅供參考，商用前請以官方授權條款為準。
A7: GitHub 星數與最後更新 | B7: 2026-10-01 透過 GitHub API 取得。最後更新為倉庫最後一次 push 的日期。
A8: 網址檢查 | B8: 2026-10-01 以程式逐一請求 540 個官網與範例網址（HTTP 200 視為正常）。被機器人防護擋下（403）的網址改用瀏覽器開啟確認，標為「正常（瀏覽器確認）」。有 Cloudflare 驗證頁、無法自動確認的網址標為「需人工確認」。GitHub 網址以 API 確認倉庫存在。
A9: 檢查限制 | B9: 網址檢查只確認頁面能開啟，未逐頁確認範例內容仍在。功能說明依整理當下的知識撰寫，未逐一實際執行每個工具驗證。部分「範例」連結為內含可執行範例的文件頁。
A10: GitHub 已封存 | B10: 標註於備註欄。已封存的工具仍可使用，但不會再修正問題，新專案建議優先選擇仍在維護的替代品。
A11: API 金鑰安全 | B11: 需要金鑰的服務（Claude API、Google Maps、Mapbox 等），金鑰不可直接寫進公開網頁，需透過後端轉發。
A12: 整理日期 | B12: 2026-10-01
